Company,Email,Country,Website,Category,Source
"Candle Holders, LED Candles & Tea Lights | Abigail Ahern",customerservices@abigailahern.com,United States,https://abigailahern.com/products/matteo-glass-tealight-holder,Unknown,Website
VKF Renzel USA Corp. | Sign Holders and Retail Displays,sales@renzelusa.com,United States,https://www.renzelusa.com/,Unknown,Website
Tiered Iron Cone-Shaped Votive/Tealight Holder | BinxBerry Consignment,shop@binxberryconsignment.com,United States,https://www.binxberryconsignment.com/products/tiered-iron-cone-shaped-votive-tealight-holder,Unknown,Website
NihaoJewelry: Wholesale Jewelry & Fashion Accessories | Daily New Arrivals,info@nihaojewelry.info,United States,https://www.bing.com/aclick?ld=e8yGgJICeD4LfTlgJ5HmG9yDVUCUyYYABDSeEEntUEBbUiRCZOtHLFwuaEVM6UCGYUmdVYoFtJdKRCI3_jC1Vss9uiH36BXWvRC-bvseh4TWuvQsz8gHGQ0Ut4WEdBu_D__rRZusctEEmVlE_dP_zlJ3Xu7-5GqQfD9j69stI9dRVtVY-v9sLU9beEQplvWLdJuNFG4w&u=aHR0cHMlM2ElMmYlMmZ3d3cubmloYW9qZXdlbHJ5LmNvbSUzZmFkal90JTNkMTh0YmxpM2glMjZ1dG1fc291cmNlJTNkQklOR0FEUyUyNnV0bV9tZWRpdW0lM2RzZWFyY2glMjZ1dG1fY2FtcGFpZ24lM2QzMTYwNjQ1OTQlMjZ1dG1fZ3JvdXAlM2QxMzM5MjA1NjQwNzQwMjgwJTI2bXNjbGtpZCUzZDY1M2Q4MmQ2OTQ5NDEwMDVjOWUzZTg2M2NmNzVmZjBlJTI2dXRtX3Rlcm0lM2RqZXdlbHJ5JTI1MjB3aG9sZXNhbGUlMjUyMGluJTI1MjB1c2ElMjZ1dG1fY29udGVudCUzZEpld2VscnktV2hvbGVzYWxl&rlid=653d82d694941005c9e3e863cf75ff0e,Unknown,Website
Event Tables & Chairs | Wholesale  | GlobalEventSupply.com,Sales@globaleventsupply.com,United States,https://www.bing.com/aclick?ld=e8BqkoAB_pkhLRDDxjCzl7YjVUCUytk0RQ7pe32UYD6P4OxUv9gwtZcd3RtoYucFP9shJXd_CDVKnCfhaT3MCRW3zQC0G1WDydFFcAZmnaBPDEUazh28NUqb4K8OXVAyza0Jh6MY2OAZS1iPKLdUjFRkysh-2f8pYRETCmpAI2FssFj1z-1lZEHYxoXvPdrsBSqM62EA&u=aHR0cHMlM2ElMmYlMmZ3d3cuZ2xvYmFsZXZlbnRzdXBwbHkuY29tJTNmbXNjbGtpZCUzZDJlZjkyZjM2MTcyZDE1MmJiNTU3NDU4MzRkMmQ1OTM1JTI2dXRtX3NvdXJjZSUzZGJpbmclMjZ1dG1fbWVkaXVtJTNkY3BjJTI2dXRtX2NhbXBhaWduJTNkR2xvYmFsJTI1MjBCcmFuZGVkJTI1MjBTZWFyY2glMjZ1dG1fdGVybSUzZGdsb2JhbCUyNTIwZXZlbnQlMjUyMHN1cHBsaWVzJTI2dXRtX2NvbnRlbnQlM2RBZCUyNTIwR3JvdXAlMjUyMDE&rlid=2ef92f36172d152bb55745834d2d5935,Unknown,Facebook
Contact Information | TopDawg,help@topdawg.com,United States,https://topdawg.com/,Unknown,Facebook
Wine Distributors in Texas,info@beveragetradenetwork.com,United States,https://beveragetradenetwork.com/en/wine-distributors-in-texas-336.htm,Unknown,Google
counterfeit-products,medicube_uscs@apr-in.com,United States,https://medicube.us/en-de/pages/counterfeit-products,Unknown,Website
Gifts and Novelties Wholesale Suppliers - PowerHomeBiz,customerservice@puzzledinc.com,United States,https://www.powerhomebiz.com/wholesale-directory/gifts-and-novelties-wholesale-suppliers,Unknown,Google
Explore Omni Themes Shopify B2B all-in-one combo,support@omnithemes.com,United States,https://omnithemes.com/shopify-b2b-combo/?utm_source=bss-menu&utm_medium=referral,Unknown,Google
Contact Us - Wholesale Events Solutions,info@eventswholesale.com,United States,https://www.eventswholesale.com/,Unknown,Google
History & Heraldry Canada,sales@historyandheraldry.ca,Canada,https://historyandheraldry.ca/,Imported,CSV Import
CTG Brands Inc.,customerservice@ctgbrands.com,Canada,https://www.ctgbrands.com,Imported,CSV Import
Chakra Enterprises,sales@chakraenterprises.ca,Canada,,Imported,CSV Import
Bonds Decor Ltd.,info@bondsdecor.com,Canada,,Imported,CSV Import
Boxman,sales@boxman.ca,Canada,https://www.boxman.ca,Imported,CSV Import
Danica Imports Ltd.,info@danicaimports.com,Canada,https://danicaimports.com/,Imported,CSV Import
Asirí’s Treasures,asiristreasures@gmail.com,Canada,,Imported,CSV Import
Rose Casual,janie@rosecasual.com,USA,https://rosecasual.com/,Imported,CSV Import
OneCoast,info@onecoast.com,USA,https://www.onecoast.com/,Imported,CSV Import
Keith Smith Ltd.,kerry@keithsmithltd.com,USA,https://keithsmithltd.com/,Imported,CSV Import
Accentrics,accentricsbaby@gmail.com,USA,,Imported,CSV Import
RAZ Imports Inc.,raz@razimports.com,USA,https://www.razimports.com,Imported,CSV Import
Three Little Birds Home Decor,tlbclaytoninfo@gmail.com,USA,https://www.threelittlebirdsnc.com/,Imported,CSV Import
Grace and Glory Giftware,h2ainc@aol.com,USA,https://www.graceandglorygiftware.com/,Imported,CSV Import
"Willow Group, Ltd.",info@willowgroupltd.com,USA,https://www.willowgroupltd.com/,Imported,CSV Import
Samriddhi Impex,contact@samriddhiimpex.com,USA,https://www.samriddhiimpex.com/,Imported,CSV Import
Uncommon Living,info@shopuncommonliving.com,USA,https://shopuncommonliving.com/,Imported,CSV Import
Slifka Sales,slifka@slifkasales.net,USA,https://slifkasales.net/,Imported,CSV Import
Mykonos Home Decor Gallery,info@mykonoshomedecorgallery.com,USA,https://mykonoshomedecorgallery.com/,Imported,CSV Import
DE-COR,info@de-cor.com,USA,https://de-cor.com,Imported,CSV Import
Pruitt’s Fine Furniture,websales@pruitts.com,USA,https://www.pruitts.com/about-us,Imported,CSV Import
Spice Up Your Home,info@spiceupyourhome.com,USA,https://spiceupyourhome.com,Imported,CSV Import
United Textiles,unitedtextiles1984@gmail.com,USA,https://www.unitedtextileshome.com/,Imported,CSV Import
Home - USA Industrials,service@usaindustrials.com,United States,https://usaindustrials.com/,Unknown,Website
Curtain Rods | Drapery Hardware | Curtain Rod Finials | Ethan Allen Canada,CanadaCS@ethanallen.com,Canada,https://www.ethanallen.ca/en_CA/shop-decor-drapery-drapery-hardware,Unknown,Website
Wholesale Curtain Rod Accessories - Home Decor Dropshipping — Village Wrought Iron Inc,cs@VillageWroughtIron.com,United States,https://villagewroughtiron.com/collections/wholesale-curtain-rod-accessories-home-decor-dropshipping,Unknown,Google
Curtain Rod Finials | Decorative & Simple Styles | Handcrafted in the USA,sales@highlandforge.com,United States,https://highlandforge.com/drapery-hardware-finials/,Unknown,Google
Curtain Rod Manufacturers & Brands,info@InteriorDecorating.com,United States,https://www.interiordecorating.com/curtain-rod-brands.asp,Unknown,Google
Drapery Workroom & Upholstery Supplies | Rowley,sales@rowleycompany.com,United States,https://www.rowleycompany.com/,Unknown,Google
The Lockin Group,tlgshwrm@sbcglobal.net,USA,https://www.lockingroup.com,Imported,CSV Import
Cathy & Co.,cscathyco@gmail.com,USA,https://www.cathyandcoinc.com,Imported,CSV Import
Cassmeyer Collection,greg@cassmeyercollection.com,USA,https://www.cassmeyercollection.com,Imported,CSV Import
Anne McGilvray & Company,hello@annemcgilvray.com,USA,https://www.annemcgilvray.com,Imported,CSV Import
American Best,info@americanbest.com,USA,https://www.americanbest.com,Imported,CSV Import
Allie Falcon,info@alliefalcon.com,USA,https://alliefalcon.com,Imported,CSV Import
Apropos Furniture,info@apropos-furniture.com,USA,https://www.apropos-furniture.com,Imported,CSV Import
ABC Carpet & Home,vendorsubmissions@abchome.com,USA,https://abchome.com,Imported,CSV Import
Dunn Brands,sales@dunnbrands.com,USA,https://www.dunnbrands.com,Imported,CSV Import
Goldenrod Home,design@goldenrodstudiosdesign.com,USA,https://www.goldenrodstudiosdesign.com,Imported,CSV Import
Creative Works Inc.,creativeworksusa@hotmail.com,USA,https://creativeworksusa.com,Imported,CSV Import
ANR Wholesale NJ Inc.,anrwholesale100@gmail.com,USA,https://www.anrwholesalenj.com/home-decor/west-new-york-nj,Imported,CSV Import
Daniel Richards,info@danrichgroup.com,USA,https://www.danrichgroup.com/find-a-rep,Imported,CSV Import
La Procure IBA Ltd.,orders@laprocureiba.com,Canada,https://laprocureiba.com,Imported,CSV Import
Tropitek Trading Ltd.,salesdesk@tropitek.net,Canada,https://www.tropitek.ca,Imported,CSV Import
Giftware Canada,info@giftwarecanada.ca,Canada,https://giftwarecanada.ca,Imported,CSV Import
Faire Living,hello@faireliving.com,Canada,https://faireliving.com,Imported,CSV Import
THEO,montreal@theodecor.com,Canada,https://theodecor.com/locations/montreal/,Imported,CSV Import
NCA Design,orders@ncadesign.com,Canada,https://www.ncadesign.com,Imported,CSV Import
Danson Decor Inc.,orderdesk@dansondecor.com,Canada,https://dansondecor.com,Imported,CSV Import
Nai Gifts,info@naigifts.com,Canada,https://naigifts.com,Imported,CSV Import
Mera International Ltd.,effie@meralinen.com,Canada,https://meralinen.com,Imported,CSV Import
Chantia Sales,jchan9026@gmail.com,Canada,,Imported,CSV Import
HI-LINE Gift LTD.,info@hilinegift.com,Canada,https://hilinegift.com,Imported,CSV Import
Action Imports,sales@actionimports.com,Canada,,Imported,CSV Import
Springer Décor,info@springerdecor.com,Canada,https://springerdecor.com,Imported,CSV Import
0808 Imports,info@0808imports.com,Canada,https://0808imports.com,Imported,CSV Import
Richcasa Home Decor Ltd.,info@richcasa.com,Canada,https://richcasa.com,Imported,CSV Import
Stone Handcrafts and Gifts,atul@stonehandcraftsandgifts.com,Canada,https://stonehandcraftsandgifts.com,Imported,CSV Import
PinkCity Imports Ltd.,info@pinkcityimports.com,Canada,https://pinkcityimports.com,Imported,CSV Import
Christmas Forever / Holland Imports,sales@hollandimports.com,Canada,https://www.hollandimports.com,Imported,CSV Import
Starlight Collection,info@starlightgifts.ca,Canada,https://starlightgifts.ca,Imported,CSV Import
Cathay Importers 2000 Ltd.,sales@cathayimporters.com,Canada,,Imported,CSV Import
Old Country Design,info@oldcountrydesign.com,Canada,https://oldcountrydesign.com,Imported,CSV Import
Circle Pacific Imports,info@circlepacificimports.com,Canada,https://www.circlepacificimports.com,Imported,CSV Import
Rufous & Co.,info@rufousandco.com,USA,https://www.rufousandco.com,Imported,CSV Import
Beautiful Stuff,info@beautifulstuff.com,USA,https://www.beautifulstuff.com/orderinfo.htm,Imported,CSV Import
Abhy Design House,info@abhydesignhouse.com,USA,https://www.abhydesignhouse.com,Imported,CSV Import
33 Imports,sales@33imports.com,USA,https://www.33imports.com/wholesale,Imported,CSV Import
Evergreen Wholesale,wholesalesupport@myevergreen.com,USA,https://myevergreenwholesale.com/about-us/,Imported,CSV Import
Domu Decor,info@domudecor.com,USA,https://domudecor.com/pages/about-us,Imported,CSV Import
Home Works,community@homeworkswell.com,USA,https://homeworkswell.com,Imported,CSV Import
Hello World Modern Mercantile,info@shophelloworld.com,USA,https://shophelloworld.com/pages/aboutus,Imported,CSV Import
PD Home,customerservice@pdhomeandgarden.com,USA,https://pdhomeandgarden.com/contact-us/,Imported,CSV Import
One More Time ETC,manager.omtetc@gmail.com,USA,https://onemoretimeetc.com,Imported,CSV Import
Dynasty Gift Inc,carol@dynasty88.com,USA,http://www.dynasty88.com,Imported,CSV Import
Import Corner,info@importcornerllc.com,USA,http://www.import-corner.com,Imported,CSV Import
Contact Sika Roofing & Waterproofing,weissberg.brian@us.sika.com,United States,https://www.hydrotechusa.com/assemblies/garden-roof,Unknown,Website
Wholesale Ceramic Mugs and Cups | OEM and ODM Support,sales@kedali.com,United States,https://www.kedali.com/product-category/wholesale-ceramic-mugs-and-cups/,Unknown,Google
"Contact Acme USA Cups
– ACME USA",acme@eightouncecoffee.ca,Canada,https://www.acmecupsusa.com/,Unknown,Website
Contact Us,support@akarilanterns.com,United States,https://akarilanterns.com/contact-us/,Unknown,Website
Customer Support - How can we help you grow your business?,verifications@go4worldbusiness.com,United States,https://www.go4worldbusiness.com/buyers/candle-holder.html,Unknown,Google
Smith’s Food and Drug,krogerprivacyoffice@kroger.com,United States,https://www.smithsfoodanddrug.com/,Imported,CSV Import
Contact Us | Niagara Bottling,info@themepunch.com,United States,https://www.niagarawater.com/,Imported,CSV Import
Heirlooms Antique Mall,kcarat@aol.com,Unknown,,Imported,CSV Import
Heirlooms Antique Mall,heirlooms15@gmail.com,Unknown,https://heirloomsantiquemall.com/,Imported,CSV Import
About,salestax@dlartglass.com,United States,,Imported,CSV Import
About,info@dlartglass.com,United States,,Imported,CSV Import
About,hr@dlartglass.com,United States,,Imported,CSV Import
Archer's Decorative Glass Corp.,info@adglass.com,United States,https://adglass.com/,Imported,CSV Import
Beyond Wonderland Creations,info@beyondwonderlandcreations.com,United States,https://beyondwonderlandcreations.com/,Imported,CSV Import
Colorblind Antiques,uflx@tfcfisczeurekzhlvj.tfd,Unknown,,Imported,CSV Import
Colorblind Antiques,doug@colorblindantiques.com,Unknown,https://colorblindantiques.com/,Imported,CSV Import
ZERO market Online,info@thezeromarket.com,United States,https://thezeromarket.com/,Imported,CSV Import
Buck 25 Store,buck25.aurora@gmail.com,United States,https://buck25store.com/,Imported,CSV Import
At Home - Lone Tree,customercareline@athome.com,US,,Imported,CSV Import
The Lark Denver,jill@thelarkdenver.com,Unknown,,Imported,CSV Import
World Market,customercare@worldmarket.com,Sweden,,Imported,CSV Import
Little Glass Art,hola@littleglassart.co,Colombia,,Imported,CSV Import
Little Glass Art,hello@littleglassart.co,Colombia,https://littleglassart.co/,Imported,CSV Import
Colorado Glass Works,meggy@coglassworks.com,United States,,Imported,CSV Import
Colorado Glass Works,hello@coglassworks.com,United States,https://coglassworks.com/,Imported,CSV Import
Crate and Barrel,parkmeadows@crateandbarrel.com,United States,,Imported,CSV Import
Crate and Barrel,mediainquiries@crateandbarrel.com,United States,,Imported,CSV Import
Arabazaar Gallery,shop@arabazaar.art,United States,https://www.arabazaar.art/,Imported,CSV Import
Stanley Marketplace,info@stanleymarketplace.com,United States,https://www.stanleymarketplace.com/,Imported,CSV Import
Gallo Glass,Kristi.Whalen@galloglass.com,United States,https://galloglass.com/,Unknown,Google
KINTO Canada,hello@kinto-canada.ca,Canada,https://kintocanada.myshopify.com/,Unknown,Facebook
Top 10 Glass Bottle Manufacturers In The USA | Yanjia,13382656757@shangligift.com,United States,https://yanjiapackaging.com/top-10-glass-bottle-manufacturers-in-the-usa/,Unknown,Google
The Jerusalem Post | Contact Us,subs@jpost.com,United States,https://www.jpost.com/international/article-909088,Unknown,Website
| Contact Us,canpol@canpolltd.com,Canada,https://www.canpolltd.com/,Unknown,Google
"Custom Glass Bottles, Jars & Glass Container Manufacturer | Ameri glass bottle",sales@ameriglassbottle.com,United States,https://ameriglassbottle.com/,Unknown,Google
Top 20 Glass bottle Manufacturers USA | LOM Glassworks,sales@lomglassworks.com,United States,https://www.lomglassworks.com/top-20-glass-bottle-manufacturers-usa/,Unknown,Google
Wholesale Glass Vases | Glass Vases | D & D International,sales@dndvases.com,United States,https://www.dndvases.com/,Unknown,Google
Top 10 Suppliers of Wholesale Glass Bottles in the USA - Smilebottles,sales@smilebottles.com,United States,https://smilebottles.com/top-10-suppliers-of-wholesale-glass-bottles-in-the-usa/,Unknown,Google
The Graceful Nest,lavendervalleydesigns@gmail.com,USA,https://thegracefulnestwi.com/,Imported,CSV Import
Decorbuy Shop,support@decorbuyshop.com,USA,https://decorbuyshop.com/pages/contact-us,Imported,CSV Import
Biggs Limited,info@biggsltd.com,USA,https://www.allbiz.com/business/biggs-limited-804-364-6006,Imported,CSV Import
The Kellogg Collection,mclean@kelloggcollection.com,USA,https://kelloggcollection.com/pages/home-decor,Imported,CSV Import
Saboga Home,hello@sabogahome.com,USA,https://sabogahome.com/pages/about-saboga-home,Imported,CSV Import
Stonebriar Collection,customerservice@ckkhome.com,USA,https://stonebriarcollection.com/pages/contact-us,Imported,CSV Import
Rhonda J's Shoppe,rhonda@rhondajdesigns.com,USA,https://www.allbiz.com/business/rhonda-js-shoppe-830-538-5101,Imported,CSV Import
Lux Slate,info@luxslate.com,USA,https://www.luxslate.com/pages/contact,Imported,CSV Import
Bay Hill Design,info@bayhilldesign.com,USA,https://www.allbiz.com/business/bay-hill-design_4j-512-374-0210,Imported,CSV Import
Epergne,info@shopepergne.com,USA,https://shopepergne.com/pages/contact,Imported,CSV Import
Naturals Brands,sales@naturalsbrands.com,USA,https://www.naturalsbrands.com/contact,Imported,CSV Import
Pillow Talk,info@thepillowtalk.com,USA,https://www.thepillowtalk.com/contact,Imported,CSV Import
Urban Goods + Garden,urbangoodsgarden@yahoo.com,USA,https://urbangoodsilm.com/,Imported,CSV Import
Vilvida,info@vilvida.com,USA,https://vilvida.com/pages/about-us,Imported,CSV Import
Priceless Home Decor,pricelesswest118@outlook.com,USA,https://www.pricelesshomedecors.com/contact,Imported,CSV Import
Homestead Princeton,info@homesteadprinceton.com,USA,https://homesteadprinceton.com/,Imported,CSV Import
Bombay Home Decor,support@bombayhomedecor.com,USA,https://bombayhomedecor.com/policies/legal-notice,Imported,CSV Import
Fineroom Living USA,hello@fineroomlivingusa.com,USA,https://fineroomlivingusa.com/pages/wholesale-and-trade,Imported,CSV Import
Essential Enterprise LLC,essentialenterprisekc@gmail.com,USA,https://essentialenterpris8.wixsite.com/home,Imported,CSV Import
Dekcor,dekcorkc@gmail.com,USA,https://www.dekcor-kc.com/,Imported,CSV Import
Queen Anna House of Fashion,contact@queenanna.co,USA,https://www.queenanna.co/pages/contact,Imported,CSV Import
Artistic Space Decor,artisticspacedecor@gmail.com,USA,https://artisticspacedecor.com/,Imported,CSV Import
Flourish & Foundry,hello@flourishandfoundryshop.com,USA,https://www.flourishandfoundryshop.com/,Imported,CSV Import
Match Made Stores,matchmadecustomerservice@gmail.com,USA,https://www.matchmadestores.com/pages/about-us,Imported,CSV Import
Goods and Essence,support@goodsandessence.com,USA,https://goodsandessence.com/,Imported,CSV Import
Petals Boutique,petals.louisvilleky@gmail.com,USA,https://www.petalslouisville.com/boutique,Imported,CSV Import
Casa Bella Home Decor,casabellaboise@gmail.com,USA,https://casabellaboise.com/,Imported,CSV Import
Gula-Punawai,shu-ping@gula-punawai.com,USA,https://gula-punawai.com/,Imported,CSV Import
Row Miami,row@shoprowmiami.com,USA,https://shoprowmiami.com/,Imported,CSV Import
The Lark Denver,info@thelarkdenver.com,USA,https://www.thelarkdenver.com/,Imported,CSV Import
Modern Nomad Home,support@modernnomadhome.com,USA,https://modernnomadhome.com/,Imported,CSV Import
White Forest Nursery,contact@whiteforestnursery.com,USA,https://whiteforestnursery.com/gift-shoppe-gallery/,Imported,CSV Import
Homestyle Furniture,homestylefurniture30@gmail.com,USA,https://homestylefurniturear.com/collections/home-decor,Imported,CSV Import
Borderlands Trading Company,info@borderlandstrading.com,USA,https://www.borderlandstrading.com/,Imported,CSV Import
Classic House,classichousephx@gmail.com,USA,https://www.classichousephx.com/,Imported,CSV Import
Arcadia Public Market,info@arcadiapublicmarket.com,USA,https://arcadiapublicmarket.squarespace.com/contact,Imported,CSV Import
Nest Home & Co.,info@nesthomeco.com,USA,https://nesthomeco.com/,Imported,CSV Import
Urban Barn Saskatoon,ub_saskatoon@urbanbarn.com,Canada,https://www.allbiz.ca/urban-barn-saskatoon-306-933-9770,Imported,CSV Import
Urban Farmgirl Boutique,sales@urbanfarmgirlboutique.ca,Canada,https://urbanfarmgirlboutique.ca/about-us/,Imported,CSV Import
The Boho Lab,montreal@theboholab.com,Canada,https://theboholab.com/pages/store-notre-dame-montreal,Imported,CSV Import
Cœur d’Artichaut,info@coeurdartichaut.ca,Canada,https://coeurdartichaut.ca/en,Imported,CSV Import
Arts & Kardz,info@artsandkardz.com,Canada,https://artsandkardz.com/collections,Imported,CSV Import
Châtelet,info@chatelethome.com,Canada,https://www.allbiz.ca/chatelet-416-603-2278,Imported,CSV Import
Toronto Home Decor,torontohomedecor@gmail.com,Canada,https://torontohomedecor.ca/contact-us/,Imported,CSV Import
The Pillow Shoppe,info@thepillowshoppe.ca,Canada,https://thepillowshoppe.ca/pages/contact,Imported,CSV Import
CB2 Toronto,queenwest@cb2.com,Canada,https://www.allbiz.ca/cb_53-416-366-2828,Imported,CSV Import
GA Home Superstore,info@gasuperstores.com,Canada,https://gasuperstores.com/about/,Imported,CSV Import
Beyond the House,info@beyondthehouse.ca,Canada,https://beyondthehouse.ca/pages/home-decor,Imported,CSV Import
HomeBella,info@homebella.ca,Canada,https://homebella.ca/,Imported,CSV Import
Tamayne's Decor,support@tamaynesdecor.com,Canada,https://tamaynesdecor.com/,Imported,CSV Import
Sona Casa,hello@sonacasa.com,Canada,https://www.sonacasa.com/,Imported,CSV Import
Lavirno,info@lavirno.com,Canada,https://lavirno.com/,Imported,CSV Import
Impressionable Gifts & Décor,impressgifts@on.aibn.com,Canada,https://threebestrated.ca/gift-shops-in-mississauga-on,Imported,CSV Import
Christmas Tradition,sales@christmas-tradition.com,Canada,https://www.christmas-tradition.com/,Imported,CSV Import
Accents Gift Shop,accentsbygordons@gmail.com,Canada,https://www.allbiz.ca/accents_17G-519-396-3434,Imported,CSV Import
Mountain Decor,info@mountaindecor.ca,Canada,https://www.mountaindecor.ca/,Imported,CSV Import
Ambient Living,info@ambientliving.ca,Canada,https://ambientliving.ca/,Imported,CSV Import
Creation Decor,info@creationdecor.ca,Canada,https://www.allbiz.ca/creation-decor_1S-613-443-5434,Imported,CSV Import
Pure Boutique,info@pureboutique.ca,Canada,https://www.allbiz.ca/pure-boutique_1w-289-337-5169,Imported,CSV Import
VelaVista,info@velavista.store,Canada,https://velavista.store/pages/about-us,Imported,CSV Import
Danny's Home Decor,dannys.brampton@gmail.com,Canada,https://dannyshomedecor.ca/contact-us/,Imported,CSV Import
Shakti,winnipeg@shaktishine.ca,Canada,https://shaktishine.ca/,Imported,CSV Import
Madison & Muse,support@madisonandmuse.com,Canada,https://www.allbiz.ca/madison-muse-778-265-5057,Imported,CSV Import
La Bomba Floristry,enquiries@labomba.ca,Canada,https://www.labomba.ca/pages/contact,Imported,CSV Import
Home Effects,kamal@homeeffects.ca,Canada,https://www.vancouver-local.ca/biz/234/home-effects,Imported,CSV Import
A.T. Storrs,info@atstorrs.com,Canada,https://atstorrs.com/about-us/,Imported,CSV Import
Modern Accents,info@modernaccents.com,Canada,https://modernaccents.com/,Imported,CSV Import
Livingspace,info@livingspace.com,Canada,https://www.livingspace.com,Imported,CSV Import
Simone & Ivy,hello@simoneandivy.ca,Canada,https://simoneandivy.ca/collections/home,Imported,CSV Import
Sisters Country Rustics,sisterscountryrustics@gmail.com,Canada,https://www.allbiz.ca/sisters-country-rustics-587-797-1368,Imported,CSV Import
The Curated Home,thecuratedhomecalgary@gmail.com,Canada,https://www.thecuratedhome.ca/shop/decor,Imported,CSV Import
Silk Plant Warehouse,info@silkplantwarehouse.ca,Canada,https://www.allbiz.ca/silk-plant-warehouse_4B-403-252-8282,Imported,CSV Import
Panam Decor & Gifts,sales@panamweb.com,Canada,https://www.panamdecorgifts.com,Imported,CSV Import
Nostalgia Import,service@nostalgia-import.com,Canada,https://nostalgia-import.com/en_ca/,Imported,CSV Import
Ace Annison,acecanada@aceannison.com,Canada,https://aceannison.com/,Imported,CSV Import
iH Casa Decor,orderdesk@ihcasadecor.com,Canada,https://ihcasadecor.com/,Imported,CSV Import
Green Import Limited,support@greenimport.ca,Canada,https://greenimport.ca/,Imported,CSV Import
Nepalese Collection,everestexport@gmail.com,Canada,https://nepalesecollection.com/,Imported,CSV Import
Mandarin Imports Ltd.,mandarin@telus.net,Canada,https://www.mandarinimports.com/,Imported,CSV Import
Sunright Multi Gift,sunright_souvenirs@sunrightmultigift.com,Canada,https://www.sunrightmultigift.com/,Imported,CSV Import
FLS Banners,contact@flsbanners.com,USA,https://flsbanners.com/home-decor.html,Imported,CSV Import
Bettencourt Group,info@bettencourtgroup.com,USA,https://www.bettencourtgroup.com,Imported,CSV Import
McGee & Co.,designertrade@mcgeeandco.com,USA,https://www.mcgeeandco.com,Imported,CSV Import
Ida Mae Home,orders@idamaehome.com,USA,https://www.dallasmarketcenter.com/exhibitors/ida-mae-home/,Imported,CSV Import
The Gallery at IHDC,thegallery@dallasmarketcenter.com,USA,https://www.dallasmarketcenter.com/the-gallery-at-ihdc/,Imported,CSV Import
Porch View Home,bryanwilliams@porchviewhome.com,USA,https://www.dallasmarketcenter.com/exhibitors/porch-view-home/,Imported,CSV Import
Old World Design,info@owddallas.com,USA,https://owddallas.com/,Imported,CSV Import
Market Hill on 6 by Paul Michael,mhon6@paulmichaelhome.com,USA,https://www.dallasmarketcenter.com/exhibitors/market-hill-on-6-by-paul-michael/,Imported,CSV Import
Impressive Enterprises,info@impressivesilk.com,USA,http://www.impressiveusa.com/,Imported,CSV Import
pH Factor,info@phfactorstore.com,USA,https://phfactorstore.com,Imported,CSV Import
Zaer LTD International,sales@zaerltd.com,USA,https://www.zaerltd.com,Imported,CSV Import
Rejuvenation,tradesales@rejuvenation.com,USA,https://www.rejuvenation.com,Imported,CSV Import
Homestead Decor & Gifts,homesteaddecorgifts@outlook.com,USA,https://www.prideofdakota.nd.gov/companies/profile/homesteaddecorgifts,Imported,CSV Import
Montana Poppy,montanapoppy@yahoo.com,USA,https://www.montanapoppy.com,Imported,CSV Import
Upper Deck Ltd,orders@upperdeckltd.com,USA,https://www.upperdeckltd.com/,Imported,CSV Import
Duke Imports,sales@dukeimports.com,USA,https://www.dukeimports.com/,Imported,CSV Import
Port 68,customerservice@port68.com,USA,https://www.dallasmarketcenter.com/industries/home-and-design/,Imported,CSV Import
Turtle King,info@turtleking.com,USA,https://www.turtleking.com/,Imported,CSV Import
Home Mart Goods,homemartgoods@gmail.com,USA,https://homemartgoods.com/,Imported,CSV Import
"Contact information


 – Orrefors",websupport@orrefors.us,United States,https://orrefors.us/collections/home-decor-votives?page=2&srsltid=AU7gw4W8FC0dQotsX4c4dMp_-gOlpHvrc-S0_Vx9REB4Jk3s7Dim3SCA,Unknown,SerpApi
"CONNOO 26 Pcs Votive Candle Holders, Clear Glass Holders Bulk for Tabl",connoo-us@outlook.com,United States,https://www.connoo.com/products/connoo-26-pcs-votive-candle-holders-clear-glass-holders-bulk-for-table-centerpiece-tea-lights-candle-holders-for-wedding-shower-party-holiday-and-home-decor,Unknown,SerpApi
Global AOL Advertising Policies | AOL,legal@bendingspoons.com,Canada,https://adspecs.aol.com/ad-policy,Unknown,Directory
"Wholesale Gifts, Imports, Aromatherapy and Cosmetics - Ancient Wisdom - Giftware and Aromatherapy Supplier",care@ancientwisdom.biz,United States,https://www.ancientwisdom.biz/,Unknown,Google
Wholesale Distributors Overview | PDF,wholesale@makeitrealplay.com,United States,https://www.scribd.com/document/704964180/USA-Brands-and-Distributors-about-2k,Unknown,Google
Contact Antaisolar - Get in Touch with Our Team,sales@antaisolar.com,United States,https://www.antaisolar.com/company/contact-us,Unknown,Website
Candle holders | online sales on HOLYART.com,pulcranetsrl@ticertifica.it,United States,https://www.bing.com/aclick?ld=e8PirA-I-BitfaHZefcPPSiTVUCUz60gOZb4LvXjW0vAonUl0WkP5uxc5GBkG3YG9o-E3-Sabjc7kABeiR3evymRv2vhqRIZadZzuEkyBsrerzoTSx6hQBLk7s2m6jbdH4HJmyNadDnOGjT0m86ZF_9DkHvHdpX_6AAJrkVnFApsBnfvCrqo6BMPNwjuzdGaNS8DxaTw&u=aHR0cHMlM2ElMmYlMmZ3d3cuaG9seWFydC5jb20lMmZyZWxpZ2lvdXMtaXRlbXMlMmZjYW5kbGUtaG9sZGVycyUzZm1zY2xraWQlM2QzM2EzYjAyOTBmZjExMTA4ODRhNGRhODY4ZDM0YTY5NSUyNnV0bV9zb3VyY2UlM2RiaW5nJTI2dXRtX21lZGl1bSUzZGNwYyUyNnV0bV9jYW1wYWlnbiUzZEVOJTI1MjAtJTI1MjBVUyUyNTIwLSUyNTIwU2VhcmNoJTI1MjAtJTI1MjBBcnRpY29saSUyNTIwUmVsaWdpb3NpJTI2dXRtX3Rlcm0lM2R0ZWFsaWdodCUyNTIwaG9sZGVycyUyNnV0bV9jb250ZW50JTNkcG9ydGFjYW5kZWxlJTJjJTI1MjBwb3J0YWx1bWluaQ&rlid=33a3b0290ff1110884a4da868d34a695,Unknown,Google
Top 18 USA Wholesale Suppliers For Small Business,sales@dollardays.com,United States,https://mywifequitherjob.com/find-wholesale-suppliers-in-the-united-states/,Unknown,Website
Contact | Scented Soy Candles | San Jose California | Scented Designs – Scented Designs Candle Company,hello@scenteddesigns.com,United States,https://www.scenteddesigns.com/pages/wholesale-candles,Unknown,Google
"Private Label Candle Manufacturer in California, USA",info@lagunacandles.com,United States,https://www.lagunacandles.com/products/private-label-candle-services,Unknown,Website
Western Linens,info@western-linens.com,USA,https://western-linens.com/pages/visit-us,Imported,CSV Import
ES Essentials,sales@esessentials.com,USA,https://www.esessentials.com,Imported,CSV Import
Soundtopia,info@soundtopia.com,USA,https://www.soundtopia.com,Imported,CSV Import
Hanna's Handiworks,info@hannashandiworks.com,USA,https://www.hannashandiworks.com,Imported,CSV Import
DharmaShop,info@dharmashop.com,USA,https://www.dharmashop.com,Imported,CSV Import
WHD Floral,info@whdfloral.com,USA,https://www.whdfloral.com,Imported,CSV Import
Scout Curated Wares,hello@scoutcuratedwares.com,USA,https://www.scoutcuratedwares.com,Imported,CSV Import
Oakstreet Wholesale Showroom,oakstreetwholesale@gmail.com,USA,https://www.oakstreetwholesale.com,Imported,CSV Import
Lightology,sales@lightology.com,USA,https://www.lightology.com,Imported,CSV Import
Howard Elliott Collection,sales@howardelliott.com,USA,https://howardelliott.com,Imported,CSV Import
Craig Bachman Imports,sales@craigbachman.com,USA,https://craigbachman.com,Imported,CSV Import
Dane Rogers Group,info@danerogersgroup.com,USA,https://www.danerogersgroup.com,Imported,CSV Import
Burton + BURTON,ecom@burtonandburton.com,USA,https://www.burtonandburton.com,Imported,CSV Import
Intaglia Home Collection,atlanta@intagliahome.com,USA,https://intagliahome.com,Imported,CSV Import
Dixon Rye,hello@dixonrye.com,USA,https://www.dixonrye.com,Imported,CSV Import
Currey & Company,atlantashowroom@curreyco.com,USA,https://www.curreyandcompany.com,Imported,CSV Import
Natural Life,wholesale@naturallife.com,USA,https://www.naturallife.com,Imported,CSV Import
Pala Brothers Furniture,palabros@comcast.net,USA,https://www.palabrothers.com,Imported,CSV Import
Elirian,trade@elirian.com,USA,https://elirian.com/pages/contact-us,Imported,CSV Import
Zodax,sales@zodax.com,USA,https://www.zodax.com,Imported,CSV Import
YLighting,sales@ylighting.com,USA,https://www.ylighting.com,Imported,CSV Import
Verse & Vessel,wholesale@versevesselco.com,USA,https://versevesselco.com,Imported,CSV Import
Unlimited Containers,sales@unlimitedcontainers.com,USA,https://www.unlimitedcontainers.com,Imported,CSV Import
The Import Collection / Kavana Decor,info@importcollection.com,USA,https://kavanadecor.com,Imported,CSV Import
Nickey Kehoe,la@nickeykehoe.com,USA,https://nickeykehoe.com,Imported,CSV Import
Made Goods,info@madegoods.com,USA,https://www.madegoods.com,Imported,CSV Import
Lumens,support@lumens.com,USA,https://www.lumens.com,Imported,CSV Import
Lamps Plus,trade@lampsplus.com,USA,https://www.lampsplus.com,Imported,CSV Import
KB Selections,kbselectons@gmail.com,USA,https://kbselections.com,Imported,CSV Import
India Connection,info@indiaconnection.com,USA,https://www.indiaconnection.com,Imported,CSV Import
F.E.M. Sales,info@femsalesinc.com,USA,https://www.femsalesinc.com,Imported,CSV Import
Designs ByLITA,info@designsbylita.com,USA,https://www.designsbylita.com,Imported,CSV Import
Design Trade Service,info@designtradeservice.com,USA,,Imported,CSV Import
Design Public,info@designpublic.com,USA,https://www.designpublic.com,Imported,CSV Import
Burke Decor,support@burkedecor.com,USA,https://www.burkedecor.com,Imported,CSV Import
A&B Home,customerservice@abhomeinc.com,USA,https://www.abhomeinc.com,Imported,CSV Import
2Modern,support@2modern.com,USA,https://www.2modern.com,Imported,CSV Import
Mark Roberts,info@mark-roberts.com,USA,https://www.markrobertswholesale.com,Imported,CSV Import
Yasmin Design Studio,cs@yasmindesignstudio.com,USA,https://www.yasmindesignstudio.com/wholesale,Imported,CSV Import
Jascotina,jascotina@jascotina.us.com,USA,https://www.jascotina.us.com,Imported,CSV Import
Arkansas Furniture,team@arkansasfurniture.com,USA,https://www.arkansasfurniture.com/catalog/home-decor,Imported,CSV Import
Sacred Waves,sales@sacredwaves.com,USA,https://sacredwaves.com,Imported,CSV Import
Accents De Ville,montreal@superiorstudio.com,Canada,https://accentsdeville.com,Imported,CSV Import
Winward Canada,info@winwardcanada.com,Canada,https://winwardcanada.com,Imported,CSV Import
Premier Gift Canada,customerservice@premier-gift.com,Canada,https://premier-gift-canada.mailchimpsites.com/,Imported,CSV Import
MUJI Canada,online@muji.ca,Canada,https://muji.ca,Imported,CSV Import
Lothantique Canada,info@lothantique.ca,Canada,https://lothantique.ca,Imported,CSV Import
IDC Home,ilse@idc-home.ca,Canada,https://idc-home.ca,Imported,CSV Import
Guild Design Gallery,robin@guilddesigngallery.com,Canada,https://www.guilddesigngallery.com,Imported,CSV Import
Group One Associates,madeleine@grouponeassociates.com,Canada,https://www.grouponeassociates.com,Imported,CSV Import
Frans Koppers Imports,info@koppershome.com,Canada,https://www.koppershome.com,Imported,CSV Import
Edenborough Ltd.,gifts@edenborough.com,Canada,https://www.edenborough.com,Imported,CSV Import
Design Home,sales@designhome.ca,Canada,https://designhome.ca,Imported,CSV Import
David Youngson & Associates,customercare@dyacompany.com,Canada,https://www.youngsondya.com,Imported,CSV Import
Solva Home,hello@solvahome.com,Canada,https://solvahome.com,Imported,CSV Import
Kwesiya Home,info@kwesiya.com,Canada,https://kwesiya.com,Imported,CSV Import
Canadian Renovation Superstore,sales@renovationsuperstore.ca,Canada,https://canadianrenovationsuperstore.ca/pages/contact-us,Imported,CSV Import
Nature's Artifacts,customerservice@natures-artifacts.com,Canada,https://natures-artifacts.com,Imported,CSV Import
Home Decor Inc.,sales@homedecorinc.com,Canada,https://homedecorinc.net/contact,Imported,CSV Import
Torre & Tagus Canada,toronto@torretagus.com,Canada,https://torretagus.com,Imported,CSV Import
Style In Form,info@styleinform.com,Canada,https://www.styleinform.com,Imported,CSV Import
NACH,admin@nach.ca,Canada,https://northamericancountryhome.com,Imported,CSV Import
Article,service@article.com,Canada,https://www.article.com,Imported,CSV Import
Pacific Rim Brackets,sales@pacificrimbrackets.com,Canada,https://www.pacificrimbrackets.com,Imported,CSV Import
Home | Lightsourcecentral | Wholesale Lighting Supplier | Lighting and Lighting Accessories,lightsourcecentral1@gmail.com,United States,https://www.lightsourcecentral.com/,Unknown,Google
Distributor & Wholesaler Lighting Solutions | LightMart.com,help@lightmart.com,United States,https://www.lightmart.com/lighting-solutions/commercial/wholesaler-distributor-lighting-solutions/,Unknown,Google
Top 50 Home Decor Companies in Colorado - Emails & Contacts,abby.starobin@publicislifebrands.com,United States,https://aeroleads.com/list/top-home-decor-companies-in-colorado,Unknown,Website
"Top Buyer Seller List of USA, UK, Canada, South Africa, Germany, India for fashion, Leather",sales@nationaldropshippers.com,United States,https://topbuyersellerlist.blogspot.com/,Unknown,Google
Nova Furniture - Wholesale,info@novawf.com,United States,https://www.novafurniture.us/,Wholesaler,Google
Hot wholesale suppliers articles - the most popular articles about wholesale suppliers on China Suppliers.,Wholesales@raidentech.com,United States,https://www.goldsupplier.com/blog/article-top-12-cheap-home-decor-wholesale-distributors-suppliers_271.html,Unknown,Google
"EC21贸易平台- 电子贸易平台, B2B国际外贸平台, B2B海外出口商务网",chinabeijing@ec21.com,United States,https://china.ec21.com/,Unknown,Website
Contact Us page,gifts@abbottcollection.com,Canada,https://www.abbottcollection.com/,Unknown,Website
Contact Entrada Collection Inc.,sales@entradacollection.com,United States,https://www.entradacollection.com/,Unknown,Google
"Wholesaler, Dealer or Distributor | Colorado Office of Economic Development and International Trade",oedit.info@state.co.us,United States,https://oedit.colorado.gov/taxonomy/term/100806,Unknown,Google
Wholesale Home Décor,info@serenespacesliving.com,United States,https://serenespacesliving.com/pages/wholesale-customers,Unknown,Google
5 Best Wholesale Home Decor Suppliers 2023 – Honest FulPhilment | eCommerce Fulfilment Solutions,quotes@honestfulphilment.com,United States,https://honestfulphilment.com/blogs/wholesale-home-decor/,Unknown,Google
25 Best Home Decor Wholesale Suppliers in the USA in 2025,info@dropship.it,United States,https://dropship.it/article/home-decor-wholesale-suppliers/,Unknown,Website
"Glass Manufacturing Market Growth, Forecast Report 2026-2030",info@tbrc.info,United States,https://www.thebusinessresearchcompany.com/report/glass-manufacturing-global-market-report,Unknown,LinkedIn
Liquid Bottles - fast delivery. personal service. affordable packaging.,Info@LiquidBottles.com,United States,https://www.liquidbottles.com/,Unknown,Website
VINTAGE GLASS AVON BOTTLES ~ Basic Information,grayealder@gmail.com,United States,https://glassbottlemarks.com/avon-bottles-overview/,Unknown,Website
Madeira USA Locations,contactus@madeirausa.com,United States,https://www.madeirausa.com/locations/,Unknown,Website
"Bulk Glass, Mason, and Canning Jars/Containers at Wholesale Prices in Canada",ecommerce@a1cashandcarry.com,Canada,https://www.a1cashandcarry.com/collections/jars-tubs,Unknown,Google
Glass Candle Jars | Best Sellers | Lone Star Candle Supply,customerservice@lonestarcandlesupply.com,United States,https://lonestarcandlesupply.com/candle-making-supplies/candle-vessels/candle-jars/,Unknown,Google
Wholesale Inquiries – Infinity Jars,sales@infinityjars.com,United States,https://infinityjars.com/pages/wholesale-inquiries-1,Unknown,Google
Parkway Jars: Wholesale Plastic & Glass Containers,weborders@parkwayjars.com,United States,https://parkwayjars.com/,Unknown,Google
Glass Jar for Storage | Milk bottle Jar | Food Glass Jars Wholesale Delhi,sales@restokart.com,United States,https://www.restokart.com/product-list/glass-items/18,Unknown,Google
China Candle Holder Manufacturer & Supplier - Sellers Union,sales@sellersunionchina.com,United States,https://sellersunionchina.com/candle-holder/,Unknown,Google
Contact Us - Royalfurnish.com,info@royalfurnish.com,United States,https://royalfurnish.com/product/8193/indian-boho-mosaic-glass-votive-tea-light-candle-holder,Unknown,Website
"40 Pack of Pink Glass Tea Light Candle Holders - Bulk Wedding or XmasSize:6.5cm high,5.5cm (top),Inner dia.4.8cm,Base dia.: 4.6cmThese tea light holders are perfect for your wedding, party or event table decorations, to add to the ambiance of your special occasion. Equally our tealight holders are perfect for your home or for a party. Simply place a small standard 3.5cm wide tea light or LED safe tealight in this pretty colouPink votive, featuring a delicate design and place upon tables or around the room for a romantic effect - please be aware that the candle inside the holders are not includedSimple, elegant, and affordable make this votive holder a great choice. Use again and again for Weddings, Events, Restaurants, Parties, Churches and more. WARNING: HOT SURFACE. The candle holder may become hot during use. Place on a heat-resistant surface. Do not touch or move while the candle is burning. Keep away from children and pets.",sales@10001.com.au,United States,https://www.10001.com.au/products/pinkfhx40,Unknown,Google
"Contact Us
 – Antigo Trunk",support@antigotrunk.com,United States,https://www.antigotrunk.com/products/candle-holder-avon-figural-glass-squirrel-votive-tealight-holder-vintage,Unknown,Website
Best Seller Birthday Gifts Online | Free Shipping | FNP,grievance@fnp.com,United States,https://www.bing.com/aclick?ld=e8q2UScs8tbq5PdxikSKAGhTVUCUwvB0_bjKGfa8Cp6yz2zT-7g8mPx5HsvcOkcaiZCDgqJ27YHFZn4Rmp7I2N88MbUYe1EdCi0FwyATviL5_b8_gpYQGaQav5wt1TODhEMZgw0Q-wFY_5orKUdFNoSPU17FgEjFNqBwa5ZmujAhBNn-_s1JXU6lK-L2j6scdE1cWIuw_IsEyeZi8AUUAme_yruRA&u=aHR0cHMlM2ElMmYlMmZ3d3cuZm5wLmNvbSUyZmdpZnRzLWJlc3RzZWxsZXJzJTJmYmlydGhkYXktbHAlM2ZzX2t3Y2lkJTNkQUwhMTQ3NTchMTAhNzIyMjQ2NDM0MzczMjchMjMyNDAyMzk4NTY4NTcxMCUyNnV0bV9zb3VyY2UlM2RiaW5nJTI2dXRtX21lZGl1bSUzZGNwYyUyNnV0bV9jYW1wYWlnbiUzZDYyNzU4MjkzMS1rd2QtMjMyNDAyMzk4NTY4NTcxMCUzYWxvYy05MC0lMjZ1dG1fYWRncm91cCUzZDExNTU1ODg2NzYzNTMwNTclMjZ1dG1fa2V5d29yZCUzZHd3dy5mbnAuY29tJTI2c2VhcmNodGVybSUzZCU3YnNlYXJjaHRlcm0lN2QlMjZ1dG1fZGV2aWNlJTNkYyUyNnV0bV9wbGFjZW1lbnQlM2QlMjZ1dG1fbmV0d29yayUzZG8lMjZtc2Nsa2lkJTNkMWM4MTRhYTg1YjU0MTExY2JhMDQyMDAyZWNiOWM4M2IlMjZ1dG1fdGVybSUzZHd3dy5mbnAuY29tJTI2dXRtX2NvbnRlbnQlM2RHaWZ0cyUyNTIwLSUyNTIwR29vZCUyNTIwLSUyNTIwMjZ0aCUyNTIwTWF5JTI3MjU&rlid=1c814aa85b54111cba042002ecb9c83b,Unknown,Facebook
"Wholesale Gift Shop Supplier, Giftware Wholesaler, Gift Store Items, Home Decor Supplier",khanimports@yahoo.com,United States,https://khanimports.com/wholesale.html,Unknown,Google
"Special Event Sales - Event Equipment Sales, Party Equipment Sales",sales@specialeventsales.com,Canada,https://specialeventsales.com/,Unknown,Website
Elemetal | America’s Largest Precious Metal Refiner,sales@elemetal.com,United States,https://www.elemetal.com/,Unknown,Facebook
Contact us | Winni.in,info@winni.in,United States,https://www.winni.in/contact-us,Unknown,Website
"I-Drive Living - Orlando Attractions Guide for Dining, Attractions and Nightlife",legacyuniversal@lincolnapts.com,United States,https://www.idriveliving.com,Unknown,Website
Burnout,help@burnoutmugs.com,United States,https://burnoutmugs.com/,Unknown,LinkedIn
"Ceramic Dinnerware Wholesale: Plates, Bowls, Cups Supplier",shirley@lovinghomecollection.com,United States,https://www.lovinghomecollection.com/product-category/dinnerware-wholesale/,Unknown,Google
American Made Ceramic Manufacturer. Made in USA Mugs,info@mugfactoryusa.com,United States,https://www.mugfactoryusa.com/,Unknown,Website
American Ceramic Dinnerware Manufacturing | Made in USA Since 1925 | HF Coors,info@hfcoors.com,United States,https://hfcoors.com/pages/usa-made-custom-mugs,Unknown,Website
"Glass Vases - Reliable Glass Bottles, Jars, Containers Manufacturer | Roetell",sales@roetell.com,United States,https://www.roetell.com/glass_categories/glass-vases/,Unknown,Google
Leading Wholesaler of Ethical Artisanal Home Decor & Handmade Goods.,info@SobremesaSales.com,United States,https://sobremesasales.com/,Unknown,Google
Contact Us | Jude Connally,shopus@judeconnally.com,United States,https://judeconnally.com/collections/womens-dresses,Unknown,LinkedIn
Contact Us | WarmlyYours,info@warmlyyours.com,Canada,https://www.warmlyyours.com/en-US/contact,Unknown,Website
contact | glassybaby,corporatesales@glassybaby.com,United States,https://www.glassybaby.com/collections/glassybaby,Unknown,Website
Candle Manufacturer Importers & Candle Manufacturer Buyers,eg.sample@xyz.com,United States,https://importer.tradekey.com/candle-manufacturer-importer.html,Unknown,Google
Get in Touch with ExportersIndia | Connect with Leading Manufacturers &Suppliers Globally,feedback@exportersindia.com,United States,https://www.exportersindia.com/indian-suppliers/wooden-tea-light-holder.htm,Unknown,Google
Tea Light Holders JaipurCrafts,care@jaipurcraftonline.com,United States,https://www.jaipurcraftonline.com/collections/tea-light-holders,Unknown,Google
Tea Light Candle Holder at Best Price form Manufacturers Suppliers Wholesaler in Hyderabad,support@dial4trade.com,United States,https://www.dial4trade.com/hyderabad/tea-light-candle-holder.htm,Unknown,Google
All American Wholesalers,nate@allamericanwholesalers.com,United States,https://www.allamericanwholesalers.com/,Unknown,Google
The Shop at Museum of Arts and Design,shop@madmuseum.org,USA,https://madmuseum.org/shop,Imported,CSV Import
The Shade Store,info@theshadestore.com,USA,https://www.theshadestore.com,Imported,CSV Import
Matter,info@matterinc.com,USA,https://www.matterinc.com,Imported,CSV Import
LuxeDecor,support@luxedecor.com,USA,https://www.luxedecor.com,Imported,CSV Import
Lighting New York,info@lightingnewyork.com,USA,https://www.lightingnewyork.com,Imported,CSV Import
Kim Seybert,wholesale@kimseybert.com,USA,https://kimseybert.com,Imported,CSV Import
Hawkins New York,hello@hawkinsnewyork.com,USA,https://www.hawkinsnewyork.com,Imported,CSV Import
Graham & Brown USA,customerservice@grahambrown.com,USA,https://www.grahambrown.com/us/,Imported,CSV Import
Company of Kings,office@companyofkings.com,USA,https://www.companyofkings.com,Imported,CSV Import
Homey,alan@homeychicago.com,USA,https://homeychicago.com,Imported,CSV Import
G6 Collection,customerservice@g6collection.com,USA,https://www.g6collection.com/pages/about,Imported,CSV Import
Ivystone,atlanta@ivystone.com,USA,https://www.ivystone.com/showrooms/,Imported,CSV Import
Abigails,customerservice@abigails.net,USA,https://www.abigails.net/showroom-and-market,Imported,CSV Import
Puka Creations,pukacreations@gmail.com,USA,https://www.pukacreations.com/category/home-decor,Imported,CSV Import
Farmers Daughter,farmersdaughter.co.llc@gmail.com,USA,https://farmersdaughteronline.com,Imported,CSV Import
Graveyard Wanders,info@graveyardwanders.com,Canada,https://graveyardwanders.com/pages/contact-us,Imported,CSV Import
Empire Wallpaper,empirewallpaper@gmail.com,Canada,https://empirewallpaper.com,Imported,CSV Import
Agence 2L,wilfrid@agence2l.com,Canada,https://agence2l.com/contact,Imported,CSV Import
Distribution Incognito,admin@incognitodistribution.ca,Canada,https://incognitodistribution.ca/en/about-us,Imported,CSV Import
The Nascent,info@thenascent.ca,Canada,https://www.thenascent.ca/pages/wholesale,Imported,CSV Import
The Apartment Life,fiona@theapartmentlife.ca,Canada,https://www.theapartmentlife.ca,Imported,CSV Import
Paper E. Clips Inc.,christineandco@papereclips.com,Canada,https://www.papereclips.com/find-your-rep,Imported,CSV Import
Jack's Daughter of All Trades,info@jacksdaughterofalltrades.com,Canada,https://jacksdaughterofalltrades.com,Imported,CSV Import
Intent Studio,info@intentstudio.ca,Canada,https://intentwholesale.com,Imported,CSV Import
Homeway Living,info@homewayliving.com,Canada,https://www.homewayliving.com/pages/trade-program-application,Imported,CSV Import
Euro Home Decor,frontdesk@eurohomedecor.com,Canada,https://concordpanels.ca/pages/contact,Imported,CSV Import
Elte Market,info@eltemkt.com,Canada,https://elteoutlet.com/pages/store-locator,Imported,CSV Import
Elte,info@elte.com,Canada,https://www.elte.com,Imported,CSV Import
Aesthetic Living,info@aestheticliving.ca,Canada,https://aestheticliving.ca/pages/wholesale-with-us,Imported,CSV Import
Accent & Co.,info@accentandco.com,Canada,https://accentandco.com,Imported,CSV Import
Buckstone Inc.,info@buckstone.ca,Canada,https://buckstone.ca,Imported,CSV Import
Apex Elegance,info@apexelegance.com,Canada,https://www.apexelegance.com,Imported,CSV Import
Sagebrook Home Canada,appointments@sagebh.com,Canada,https://sagebrookhome.com/showrooms-and-events/,Imported,CSV Import
Portugal Imports,info@portugalimports.ca,Canada,https://portugalimports.ca,Imported,CSV Import
Kingston Glass Studio,info@kingstonglassstudio.com,Canada,https://www.kingstonglasswholesale.com,Imported,CSV Import
Hamro Village,info@hamrovillage.com,Canada,https://www.hamrovillage.com/pages/wholesale,Imported,CSV Import
Craft Alliance Atlantic,info@craftalliance.ca,Canada,https://craftalliance.ca,Imported,CSV Import
WES Agency,sales@wesagency.ca,Canada,https://wesagency.ca/contact/,Imported,CSV Import
Hail Claytan,hailclaytan@gmail.com,Canada,https://www.hailclaytan.com,Imported,CSV Import
West Coast Floral,orders@westcoastfloral.com,Canada,https://westcoastfloral.com/services/,Imported,CSV Import
Bonjour Namaste,shreya@bonjournamaste.com,Canada,https://bonjournamaste.com,Imported,CSV Import
Magic Dealz,info@magicdealz.ca,Canada,https://magicdealz.ca/pages/about-us,Imported,CSV Import
Global Shades,info@globalshades.ca,Canada,https://www.globalshades.ca,Imported,CSV Import
Blue Rhubarb,info@shopbluerhubarb.ca,Canada,https://shopbluerhubarb.ca/pages/weaving,Imported,CSV Import
USA Drop-Shippers Distributors Wholesalers,CustomerService@WholesaleRightNow.Net,United States,https://www.wholesalerightnow.net/,Unknown,Google
Unique Gifts Wholesale Suppliers - Supplying the World's Best Retailers for 20 Years! | IF,info@ifusa.com,United States,https://www.ifusa.com/,Unknown,Facebook
"Contact

		
			Bonne Maman USA",info@bonnemaman.us,United States,https://bonnemaman.us/pages/contact,Unknown,Website
Be a MHW-3BOMBER Distributor,info@mhw3bomber.com,United States,https://mhw3bomber.com/blogs/distributor/be-a-mhw-3bomber-distributor,Unknown,Google
Contact Us - Loveable,support@loveable.ai,United States,https://loveable.us/pages/contact-us,Unknown,Website
A&A Jewelry Supply | Source supplier for jewelers and gemologists | Garments Buyers in United States | Garment Importers in USA Wholesale Distributors in United States,info@aajewelry.com,United States,https://www.unitedstates.garmentbuyingagents.com/2017/10/a-jewelry-supply-source-supplier-for.html?m=1,Unknown,Google
Wholesale Gift Suppliers - Bulk Gift Items & Custom Gifts,Contact@supplierscentral.com,United States,https://supplierscentral.com/listing-category/gifts/,Unknown,Google
Kroger closing 60 locations in 2026. See list of shuttered stores,sdmartin@usatoday.com,United States,https://www.usatoday.com/story/grocery/2026/08/17/kroger-store-closures-2026/91306017007/,Unknown,LinkedIn
Dollar Store Suppliers / Distributors – Mr. Checkout™,orders@dollaritemdirect.com,Canada,https://mrcheckout.net/dollar-store-suppliers-distributors/,Unknown,Google
Zaza Distribution | Trusted Wholesale Distributor USA,contact@zazadistribution.com,United States,https://www.zazadistribution.com/,Unknown,Google
Retail Supplies by WR Display & Packaging - Sign in,orderdesk@wrdisplay.ca,Canada,https://wrdisplay.ca/login.php,Unknown,Directory
Athenæum,here@gmail.com,Canada,http://www.athenaeum.athenaverse.com/archives/00001066.htm,Unknown,SerpApi
Ineapple: Published Password Lists: 1,info@ineapple.com,Canada,https://ineapple.com/known_pass1,Unknown,SerpApi
RPP Devices - RPP USA,customer.service@tamcogroup.com,United States,https://rpp-usa.com/,Unknown,Website
Assorted Colored Glass Peg-Bottomed Tea Light Holders — Delicate Dishes LLC,events@delicatedishes.com,United States,https://www.delicatedishes.com/candle-holders/sassorted-colored-tealight-holders,Unknown,Website
Bubbles Glass with Gold Rim Votive & Tea Light Candle Holder – Floating Pearls®,inspire@floatingpearls.com,United States,https://vasepearlfection.com/products/bubble-textured-glass-with-gold-rim-votive-tea-light-candle-holder,Unknown,Website
"IndiaMART - Indian Manufacturers Suppliers Exporters Directory, India Exporter Manufacturer",customercare@indiamart.com,United States,https://www.indiamart.com/,Unknown,Google
Costco Wholesale Corporation  999 Lake Drive  USA. Importers and Exporters,rita@hansedesigns.com,United States,http://usa.importers-directory.net/candle-1007541.html,Unknown,Google
"Wholesale Distributor Denver CO | Nimbus Wholesale | 15,000+ Products",info@nimbusimports.com,United States,https://nimbusimports.com/,Unknown,Google
usawholesalesupplies.com – USA Wholesale Supplies,connect@usawholesalesupplies.com,United States,https://usawholesalesupplies.com/,Unknown,Facebook
Candle Holder Wholesale Supplier Online | Shop Candle Holder | ExpoBazaar,info@expobazaar.com,United States,https://usa.expobazaar.com/collections/candle-holder,Unknown,Google
Contact Us For All Of Your Questions About A19 Ceramic Lighting,info@a19.com,Canada,https://a19.com/,Unknown,Website
"11.75in Long Kamran Tray with Two Bowls
 – Jamali Garden",orders@jamaligarden.com,United States,https://www.jamaligarden.com/products/kamran-tray-with-two-bowls,Unknown,Google
Glass Tea Light Holders Wholesale,chenbo@cenglass.com,United States,https://www.cenglass.com/glass-tealight-candle-holder.html,Unknown,Google
Sunday Candle Co,hello@sundaycandle.com,United States,https://www.sundaycandle.com/,Imported,CSV Import
The Weathered Wick Studio,info@theweatheredwick.com,United States,https://theweatheredwick.com/,Imported,CSV Import
Rustic Living,sales@rusticliving.com,United States,,Retailer,CSV Import
Rustic Living,alamosasales@rusticliving.com,United States,,Retailer,CSV Import
About Google,smart.journey.prober@gmail.com,Indonesia,,Unknown,CSV Import
About Google,press@google.com,Indonesia,,Unknown,CSV Import
About Google,asxvmprobertest@gmail.com,Indonesia,,Imported,CSV Import
Rustic Log Furniture,sales@rusticlogfurniture.com,United Kingdom,,Imported,CSV Import
Firedworks Gallery,firedworks.info@gmail.com,Unknown,,Imported,CSV Import
Alamosa Home LLC,hunter@alamosa.com,Mexico,,Imported,CSV Import
Contact Us,info@mybigr.com,Mexico,,Imported,CSV Import
Contact Us,custservonline@mybigr.com,Mexico,,Imported,CSV Import
Idea Chíc,david@ideachic.net,United States,,Imported,CSV Import
"Michaels Arts and Crafts Store | 7410 W 52nd Avenue, Arvada",support@michaels.com,United States,,Imported,CSV Import
"Michaels Arts and Crafts Store | 7410 W 52nd Avenue, Arvada",michaels@michaels.com,United States,,Imported,CSV Import
Homestead Antique Mall,homesteadantiquemall@gmail.com,United States,,Imported,CSV Import
Outside The Box Home &amp; Garden Décor,info@outsidetheboxdecor.net,Unknown,,Imported,CSV Import
Rare Finds Warehouse,tony@rarefinds.com,United States,,Imported,CSV Import
Rare Finds Warehouse,mary@rare-finds.com,United States,,Imported,CSV Import
Rare Finds Warehouse,brad@rarefinds.com,United States,,Imported,CSV Import
Davis Street Mercantile,hello@davisstreetmercantile.com,,,Imported,CSV Import
The Sample House/Corp. Offices,service@samplehouse.com,United States,,Imported,CSV Import
Davis Street Mercantile,celebrate@davisstreetmercantile.com,United States,,Imported,CSV Import
Zhen Import,info@zhenimport.com,Canada,https://zhenimport.com,Imported,CSV Import
Moodgie,wholesale@moodgie.ca,Canada,https://moodgie.ca/en/pages/contact-us,Imported,CSV Import
TurkHome,trade@turkhome.ca,Canada,https://turkhome.ca/pages/trade,Imported,CSV Import
OBJ Studio,studio@objstudio.ca,Canada,https://objstudio.ca/blogs/news/wholesale-modern-home-decor-obj-studio-toronto,Imported,CSV Import
Camilia Supply,account@camiliasupply.com,Canada,https://camiliasupply.com,Imported,CSV Import
GO Home,russellc@gohomeltd.com,USA,https://www.dallasmarketcenter.com/exhibitors/go-home/,Imported,CSV Import
Odelia Home,sales@shopodelia.com,USA,https://shopodelia.com,Imported,CSV Import
Heirloom Decor Wholesale,heirloomhomedecornj@gmail.com,USA,https://heirloomdecorwholesale.com/contact/,Imported,CSV Import
Chesapeake Merchandising,sales@chesapeakemerch.com,USA,https://www.chesapeakemerch.com,Imported,CSV Import
Give,givellc.dsm@gmail.com,USA,https://www.givedsm.com,Imported,CSV Import
Sticks Gallery,retaileast@sticks.com,USA,https://sticks.com/pages/sticks-gallery,Imported,CSV Import
Gib Carson Associates,info@gibcarson.com,USA,https://gibcarson.com,Imported,CSV Import
Mag.Pi,acarleton@shopmagpi.net,USA,https://shopmagpi.com,Imported,CSV Import
Lightopia,info@lightopiaonline.com,USA,https://lightopiaonline.com,Imported,CSV Import
Hudson Grace,hello@hudsongrace.com,USA,https://hudsongrace.com,Imported,CSV Import
The Everest Trader,sales@theeveresttrader.com,USA,https://www.theeveresttrader.com,Imported,CSV Import
David Christopher's,info@davidchristophers.com,USA,https://shopdavidchristophers.com,Imported,CSV Import
Directory - Alaska Chamber,info@alaskachamber.com,United States,https://business.alaskachamber.com/list/FindStartsWith?term=A,Unknown,Website
Vendor Locator,info@growersc.com,Canada,https://www.growersc.com/vendor-locator,Unknown,Website
"Factory direct wholesale Tea light holder,china glass tea light holders suppliers&exporter",sales05@szrxglassware.com,United States,https://www.candle-holder-supplier.com/products/Tea-light-holder.htm,Unknown,Google
Tealite & Votive Holders - Putti Fine Furnishings Canada,putticontact@gmail.com,Canada,https://www.putti.ca/collections/votive-holders,Unknown,Website
Tealight + Votive Holders,support@yummicandles.com,United States,https://www.yummicandles.com/collections/tealight-votive-holders,Unknown,Website
Votive & Tea Light Holders,info@mariedumas.com,United States,https://mariedumas.com/collections/votive-tea-light-holders,Unknown,Website
Lantern Lighting Company,informe@lanternlightingcompany.com,Canada,https://www.lanternlightingcompany.com/,Unknown,Website
Canvas Candle Company founder talks good scents | Vancouver Sun,Aharris@postmedia.com,Canada,https://vancouversun.com/life/style-qa-canvas-candle-company-founder-talks-good-scents,Unknown,SerpApi
Wicks & Wax Candle Making Supplies,sales@wicksandwax.com,Canada,https://wicksandwax.com/,Unknown,SerpApi
Indaba Home,info@indabahome.com,Canada,https://indabahome.com/?srsltid=AfmBOopuTgKl8bE8hIjUCeGDpzjTltQ2xiUUfGkP2DDHGyDS30oGdDwJ,Unknown,SerpApi
"100% Pure Beeswax Candles at Honey Candles Store
 – Honey Candles Canada",info@honeycandles.com,United States,https://www.honeycandles.com/?srsltid=AfmBOooDrPlhvz5byiVEwwsGDJmmCfBp8kaSmGc7TUl2s4Qm6qTpLZx3,Unknown,SerpApi
"Beeswax Candles Handmade in Colorado since 1991
 – Bluecorn Candles",sales@beeswaxcandles.com,United States,https://bluecorncandles.com/products/halloween-orange-heavy-glass-votive-tea-light-holders-50-recycled-glass-2oz,Unknown,Google
Lower Mainland Commercial Lighting Specialists – Buy The Right Light,buytherightlight@gmail.com,Canada,https://buytherightlight.ca/,Unknown,Google
LED Lights Vancouver BC | Wholesale LED Supplier | Votatec,Info@votatec.ca,Canada,https://votatec.ca/led-lights-vancouver-bc/,Unknown,Google
Canadian Wholesale Directory - Directory > Importers,sultan@arabiannights.ca,Canada,https://www.shopwholesale.ca/directory/importers,Unknown,Google
"Tealight + Votive Holders
 – Yummi Candles Canada",support@neo-image.com,Canada,https://www.yummicandles.ca/collections/tealight-votive-holders,Unknown,Google
"LED Lights and Parts, World of LED Lights, Vancouver British Columbia",info@lightsandparts.com,Canada,https://lightsandparts.com/,Unknown,Google
Ceramics | Cathy Terepocki | British Columbia,info@cathyterepocki.com,Canada,https://www.cathyterepocki.com/,Unknown,Google
Ceramic Arts Canada | Creating Business Opportunities,info@ceramicarts.com,Canada,https://ceramicarts.com/,Unknown,Website
Top 5 Best Paper Cup Manufacturers in Canada | YOON,info@yoonpak.com,Canada,https://www.yoonpak.com/paper-cup-sustainable-solutions-canadian-manufacturers/,Unknown,Google
"Contact Us - Tripar International, Inc.",web_orders@tripar.com,United States,https://www.tripar.com/,Unknown,Google
The 2026 Short-List of Home Decor Distributors by Region,marketing@wholesalehelper.io,United States,https://wholesalehelper.io/blog/best-home-decor-distributors/,Unknown,Google
Wholesale Glass and Mirror Supplier | Fab Glass,info@fab.glass,United States,https://fab.glass/,Unknown,Google
Wholesale Liquor Glassware & Cups - New York Supplier,info@relisandroth.com,United States,https://www.relisandroth.com/List/glassware,Unknown,Google
Mobilart,info@mobilart.ca,Canada,https://mobilart.ca/pages/showroom,Imported,CSV Import
Hibou Home,info@hiboudesignco.com,USA,https://www.hiboudesignco.com/en/contact,Imported,CSV Import
Boho Boutique Montreal,info@bohoboutiquemtl.com,Canada,https://boho-boutique-mtl.myshopify.com/pages/contact-us,Imported,CSV Import
Option 2,orders@myoption2.com,Canada,https://www.myoption2.ca,Imported,CSV Import
The Drake General Store,hello@drakegeneralstore.ca,Canada,https://www.drakegeneralstore.ca,Imported,CSV Import
STANDA Importing & Distributing,mark@standaimporting.com,Canada,https://www.standaimporting.com,Imported,CSV Import
Of Things Past,sales@ofthingspast.com,Canada,https://www.ofthingspast.com,Imported,CSV Import
Mjolk,info@mjkshop.com,Canada,https://www.mjolk.ca,Imported,CSV Import
Lerman Decor,info@lermandecor.com,Canada,https://lermandecor.com,Imported,CSV Import
InSTYLE Home & Rugs,info@instylehome.ca,Canada,https://instylehome.ca/pages/trade-program,Imported,CSV Import
David Shaw Designs,info@davidshawdesigns.com,Canada,https://davidshawdesigns.com,Imported,CSV Import
Canaroma Bath & Tile,marketing@canaroma.com,Canada,https://www.canaroma.ca,Imported,CSV Import
Home Material Decor,homematerialdecor@gmail.com,Canada,https://www.homematerialdecor.ca,Imported,CSV Import
C.J. Marketing,info@cjmarketing.com,Canada,https://www.cjmarketing.com,Imported,CSV Import
Hokum,info@hokum.ca,Canada,https://www.hokum.ca,Imported,CSV Import
Forpost Trade,info@forpost-trade.ca,Canada,https://www.forpost-trade.ca,Imported,CSV Import
Tuin International,shop@tuininternational.com,Canada,https://tuininternational.com,Imported,CSV Import
The Tate Group,stan@thetategroup.com,Canada,https://thetategroup.com,Imported,CSV Import
SDS Distributors,info@sdsdistributors.com,Canada,https://www.sdsdistributors.com,Imported,CSV Import
Rosha Living,customerservice@roshaliving.com,Canada,https://roshaliving.com,Imported,CSV Import
Northwood Collection,info@northwoodcollection.com,Canada,https://www.northwoodcollection.com,Imported,CSV Import
Jannex,sales@jannex.com,Canada,https://jannex.com,Imported,CSV Import
HEU Imports,heuimports2020@gmail.com,Canada,https://heuimports.com,Imported,CSV Import
GRP Rugs,wholesale@grprugs.com,Canada,https://www.grprugs.com,Imported,CSV Import
Florenza,info@florenza.com,Canada,https://www.florenza.com,Imported,CSV Import
Dundee Deco,sales@dundeedeco.com,Canada,https://dundeedeco.com,Imported,CSV Import
Canadian Gift Concept,sales@canadiangiftconcept.com,Canada,https://cgconline.ca,Imported,CSV Import
Bella Flor Canada,info@bellaflor.ca,Canada,https://bellaflor.ca,Imported,CSV Import
Bacon Basketware,sales@baconbasket.com,Canada,https://baconbasket.com,Imported,CSV Import
Creative Home Decor,info@creative-homedecor.com,Canada,https://creative-homedecor.com/contact-us/,Imported,CSV Import
The Independent Mercantile,office@independentmercantile.com,Canada,https://www.independentmercantile.com,Imported,CSV Import
Winnipeg Home Decor,winnipeghomedecor@gmail.com,Canada,https://winnipeghomedecor.com/pages/contact-us,Imported,CSV Import
Contessa Fine Furniture & Home Decor,info@contessahome.com,Canada,https://www.contessahome.com,Imported,CSV Import
The Colour Market,kerrisdale@thecolourmarket.com,Canada,https://thecolourmarket.com/contact-us-gift-shop-vancouver/,Imported,CSV Import
Olive + Wild,info@oliveandwild.com,Canada,https://oliveandwild.com/pages/contact-us,Imported,CSV Import
Livingspace,trade@livingspace.com,Canada,https://livingspace.com/pages/contact,Imported,CSV Import
Inform Interiors,info@informinteriors.com,Canada,https://www.informinteriors.com,Imported,CSV Import
Indaba Home,info@indabatrading.com,Canada,https://indabahome.com,Imported,CSV Import
The Happy Home Line,info@thehappyhomeline.com,Canada,https://thehappyhomeline.com/pages/wholesale-inquiries,Imported,CSV Import
Sopyc Agencies,sales@sopycagencies.ca,Canada,https://www.sopycagencies.ca,Imported,CSV Import
The Citizenry,assistant@the-citizenry.com,USA,https://www.the-citizenry.com,Imported,CSV Import
Schoolhouse,hello@schoolhouse.com,USA,https://www.schoolhouse.com,Imported,CSV Import
Maison Inc.,shop@maisoninc.com,USA,https://www.maisoninc.com,Imported,CSV Import
K & K Interiors,angela.roberts@kkinteriors.com,USA,https://www.kkinteriors.com,Imported,CSV Import
Haus & Home,info@hausandhomedecor.com,USA,https://hausandhomedecor.com,Imported,CSV Import
The Met Store,store.support@metmuseum.org,USA,https://store.metmuseum.org,Imported,CSV Import
Roman and Williams Guild,trade@rwguild.com,USA,https://rwguild.com,Imported,CSV Import
Regency International,hq@regency-rib.com,USA,https://www.regency-rib.com,Imported,CSV Import
MOMA Design Store,store@moma.org,USA,https://store.moma.org,Imported,CSV Import
John Derian Company,studio@johnderian.com,USA,https://www.johnderian.com,Imported,CSV Import
Food52,hello@food52.com,USA,https://food52.com,Imported,CSV Import
DecoratorsBest,info@decoratorsbest.com,USA,https://www.decoratorsbest.com,Imported,CSV Import
The Depot Gift Shop,nikki.depotgift@gmail.com,USA,https://www.depotgiftshop.com/contact,Imported,CSV Import
Wills Company,info@willsco.net,USA,https://willsco.net,Imported,CSV Import
TYSA Direct,sales@tysadirect.com,USA,https://www.tysadirect.com,Imported,CSV Import
Mother Co. Plants,wholesale@mother-plants.com,USA,https://www.mother-plants.com/contact,Imported,CSV Import
Esschert Design USA,info@esschertdesignusa.com,USA,https://www.esschertdesignusa.com/contact/,Imported,CSV Import
Laissez Faire & Company,laissezfaireascp@gmail.com,USA,https://www.laissezfaireandcompany.com,Imported,CSV Import
Balston Mercantile,info@balstonmercantile.com,USA,https://balstonmercantile.com,Imported,CSV Import
Heirloom Consignment,info@heirloomconsignments.com,USA,https://heirloomconsignments.com,Imported,CSV Import
Dottir Maine,bethany@dottirmaine.com,USA,https://www.dottirmaine.com,Imported,CSV Import
Asia West,shopasiawest@gmail.com,USA,https://www.asiawest.net/home-decor,Imported,CSV Import
The Royal Standard,wholesale@theroyalstandard.com,USA,https://www.theroyalstandard.com,Imported,CSV Import
Messengers Gifts,inventory@messengersgifts.com,USA,https://www.messengersgifts.com,Imported,CSV Import
Blue Ocean Traders,marketing@blueoceantraders.com,USA,https://blueoceantraders.com,Imported,CSV Import
Findings,shop@findingsetcwichita.com,USA,https://findingsetcwichita.com,Imported,CSV Import
Garden Wire Decor,stuart@gardenwiredecor.com,USA,https://www.gardenwiredecor.com,Imported,CSV Import
Hampton Designs Studio & Shop,adamhamptondesigns@gmail.com,USA,https://www.visitindy.com/directory/hampton-designs-studio-shop/,Imported,CSV Import
Decorate,decorateindy@gmail.com,USA,https://decorateindy.com,Imported,CSV Import
Victory Home,coco@victoryhomeboise.com,USA,https://www.victoryhomeboise.com,Imported,CSV Import
SCENIC The Storied Home,team@scenichome.com,USA,https://www.scenichome.com/contact,Imported,CSV Import
UpCountry Home,uchadac@upcountryhome.com,USA,https://upcountryhome.com,Imported,CSV Import
Butler Group Gifts,showroom@butlergroupgifts.com,USA,https://butlergroupgifts.online/,Imported,CSV Import
White Elephant,whiteelephantfl@msn.com,USA,https://whiteelephantfl.com/Scripts/PublicSite/,Imported,CSV Import
The Globe Imports,sales@globeimports.com,USA,https://www.globeimports.com,Imported,CSV Import
DAGAST,info@dagast.com,USA,https://dagast.com/pages/about-us,Imported,CSV Import
Vivid Hue Home + Gifts,shopvividhuehome@gmail.com,USA,https://vividhuehome.com,Imported,CSV Import
Massimo Interior Design,info@massimointeriordesign.com,USA,https://massimointeriordesign.com/contact/,Imported,CSV Import
Total AZ Wholesale,totalaz@totalaz.com,USA,https://totalaz.com,Imported,CSV Import
Dialog,hello@dialogphx.com,USA,https://dialogphx.com,Imported,CSV Import
Royal Gift Shop,royalgiftshopllc@gmail.com,USA,https://royalgiftshopllc.com,Imported,CSV Import
Peaceful Nest,info@mypeacefulnest.com,USA,https://www.mypeacefulnest.com,Imported,CSV Import
